Name,Isomeric Smiles
"1,2-DIACYLGLYCEROL",OC[C@@H](COC([*])=O)OC([*])=O
10-FORMYLTETRAHYDROFOLATE TRI-L-GLUTAMATE,[H]C(=O)N(CC1CNC2=C(N1)C(=O)NC(N)=N2)C1=CC=C(C=C1)C(=O)N[C@@H](CCC(O)=O)C(O)=O
1-ACYL-GLYCEROL 3-PHOSPHATE,CC(C(CO)O)OP(=O)(O)O
2-DEOXY-D-RIBOSE 1-PHOSPHATE,C1[C@@H]([C@H]([C@@H](C(O1)O)O)O)COP(=O)(O)O
2-DEOXY-D-RIBOSE 5-PHOSPHATE,C1[C@@H]([C@H](O)[C@@H]([C@H](O1)CO)O)OP(=O)(O)O
3-PHOSPHO-D-GLYCERATE,O[C@@H](C(=O)O)[C@H](O)COP(=O)(O)O
3-PHOSPHO-D-GLYCEROYL PHOSPHATE,O[P](=O)(O)OC[C@H](O)COP(=O)(O)O
"5,10-METHENYLTETRAHYDROFOLATE TRI-L-GLUTAMATE",C1[C@@H]2CN(C=[N+]2C3=C(N1)N=C(NC3=O)N)C4=CC=C(C=C4)C(=O)N[C@@H](CCC(=O)N[C@@H](CCC(=O)N[C@@H](CCC(=O)[O-])C(=O)[O-])C(=O)[O-])C(=O)[O-]
"5,10-METHYLENETETRAHYDROFOLATE TRI-L-GLUTAMATE",[H][C@]12CNc3nc(N)[nH]c(=O)c3N1CN(C2)c1ccc(cc1)C(=O)N[C@@H](CCC(O)=O)C(O)=O
5-FORMYLTETRAHYDROFOLATE,C1C(N(C2=C(N1)N=C(NC2=O)N)C=O)CNC3=CC=C(C=C3)C(=O)N[C@@H](CCC(=O)O)C(=O)O
5-FORMYLTETRAHYDROFOLATE TRI-L-GLUTAMATE,[H]C(=O)N1C(CNc2ccc(cc2)C(=O)N[C@@H](CCC(O)=O)C(O)=O)CNc2nc(N)[nH]c(=O)c12
5-PHOSPHO-ALPHA-D-RIBOSE 1-DIPHOSPHATE,O=P(O)(O)OP(=O)(O)OC1OC(COP(=O)(O)O)[C@H]([C@@H]1O)O
ACETALDEHYDE,CC=O
ACETATE,CC(=O)[O-]
ACETYL-COA,CC(=O)SCCNC(=O)CCNC(=O)[C@@H](C(C)(C)COP(=O)(O)OP(=O)(O)OC[C@@H]1[C@H]([C@H]([C@@H](O1)N2C=NC3=C(N=CN=C32)N)O)OP(=O)(O)O)O
ACP-R,NaN
ACYL CARRIER PROTEIN,NaN
ACYL PHOSPHATE,OP(O)(=O)OC([*])=O
ADENINE,NC1=C2N=CN=C2N=C1
ADENOSINE,C1[C@H]([C@@H](O[C@H]1N2C=NC3=C2N=CN=C3N)CO)O
"ADENOSINE 3',5'-BISPHOSPHATE",C1=NC(=C2C(=N1)N(C=N2)[C@H]3[C@@H]([C@@H]([C@H](O3)COP(=O)([O-])[O-])OP(=O)([O-])[O-])O)N
ADP,O=P(O)(O)OP(=O)(O)OC[C@H]1O[C@@H](CO)[C@H](O)[C@H]1O[C@H]2N3C=NC4=C3N=CN=C4N2
AMP,O=P(O)(O)O[C@@H]1[C@H](O)[C@@H](CO)O[C@H]1N2C=NC3=C2N=CN=C3N
APOPROTEIN (ACYL CARRIER PROTEIN),NaN
ATP,C1=NC(=C2C(=N1)N(C=N2)[C@H]3[C@@H]([C@@H]([C@H](O3)COP(=O)([O-])OP(=O)([O-])OP(=O)([O-])[O-])O)O)N 
BIOMASS,NaN
CALCIUM,[Ca]
CARDIOLIPIN,OC(COP(O)(=O)OC[C@@H](COC([*])=O)OC([*])=O)COP(O)(=O)OC[C@@H](COC([*])=O)OC([*])=O
CDP,C1=CN(C(=O)N=C1N)C2C(C(C(O2)COP(=O)([O-])OP(=O)([O-])[O-])O)O
CDP-DIACYLGLYCEROL,CC(C(COC(=O)R)OC(=O)R)O[C@@H]1O[C@H](COP(=O)(O)OP(=O)(O)O)C(O)C1N1C=NC2=C1N=CN=C2N
CHLORIDE,[Cl]
CHOLESTEROL,C[C@H](CCCC(C)C)[C@H]1CC[C@@H]2[C@@]1(CC[C@H]3[C@H]2CC=C4[C@@]3(CC[C@@H](C4)O)C)C
CMP,C1=CN(C(=O)N=C1N)[C@H]2[C@@H]([C@@H]([C@H](O2)COP(=O)([O-])[O-])O)O
CO2,C(=O)=O
COA,CC(C)(COP(=O)([O-])OP(=O)([O-])OC[C@@H]1[C@H]([C@H]([C@@H](O1)N2C=NC3=C(N=CN=C32)N)O)OP(=O)([O-])[O-])[C@H](C(=O)NCCC(=O)NCCS)O 
CTP,C1=CN(C(=O)N=C1N)[C@H]2[C@@H]([C@@H]([C@H](O2)COP(=O)([O-])OP(=O)([O-])OP(=O)([O-])[O-])O)O
CYTIDINE,C1=CN(C(=O)N=C1N)[C@H]2[C@@H]([C@@H]([C@H](O2)CO)O)O
DADP,C1[C@@H]([C@H](O[C@H]1N2C=NC3=C(N=CN=C32)N)COP(=O)([O-])OP(=O)([O-])OP(=O)([O-])[O-])O
DAMP,C1[C@@H]([C@H](O[C@H]1N2C=NC3=C(N=CN=C32)N)COP(=O)([O-])[O-])O
DATP,C1[C@@H]([C@H](O[C@H]1N2C=NC3=C(N=CN=C32)N)COP(=O)(O)OP(=O)(O)OP(=O)(O)O)O
DCDP,C1[C@@H]([C@H](O[C@H]1N2C=CC(=NC2=O)N)COP(=O)([O-])OP(=O)([O-])[O-])O
DCMP,C1[C@@H]([C@H](O[C@H]1N2C=CC(=NC2=O)N)COP(=O)([O-])[O-])O
DCTP,C1[C@@H]([C@H](O[C@H]1N2C=CC(=NC2=O)N)COP(=O)([O-])OP(=O)([O-])OP(=O)([O-])[O-])O
DEAMINO-NAD,C1=CC(=C[N+](=C1)C2C(C(C(O2)COP(=O)(O)OP(=O)(O)OCC3C(C(C(O3)N4C=NC5=C4N=CNC5=O)O)O)O)O)C(=O)N
DEOXYADENOSINE,C1C(C(OC1N2C=NC3=C(N=CN=C32)N)CO)O
DEOXYCYTIDINE,C1[C@H](O[C@H]([C@@H]1O)N2C=CC(=NC2=O)N)CO
DEOXYGUANOSINE,C1[C@@H]([C@H](O[C@H]1N2C=NC3=C2N=C(NC3=O)N)CO)O
DEOXYURIDINE,C1[C@@H]([C@H](O[C@H]1N2C=CC(=O)NC2=O)CO)O
"D-FRUCTOSE 1,6-BISPHOSPHATE",C([C@@H]1[C@H]([C@@H]([C@](O1)(COP(=O)([O-])[O-])O)O)O)OP(=O)([O-])[O-] 
D-FRUCTOSE 6-PHOSPHATE,C([C@H]([C@H]([C@@H](C(=O)CO)O)O)O)OP(=O)([O-])[O-]
DGDP,C1[C@@H]([C@H](O[C@H]1N2C=NC3=C2N=C(NC3=O)N)COP(=O)([O-])OP(=O)([O-])[O-])O
D-GLUCOSAMINE,C([C@@H]1[C@H]([C@@H]([C@H](C(O1)O)N)O)O)O
D-GLUCOSAMINE 6-PHOSPHATE,C([C@@H]1[C@H]([C@@H]([C@H]([C@H](O1)O)[NH3+])O)O)OP(=O)([O-])[O-] 
D-GLUCOSE,C([C@@H]1[C@H]([C@@H]([C@H](C(O1)O)O)O)O)O
D-GLUCOSE 1-PHOSPHATE,C(C(C(C(C(=O)CO)O)O)O)OP(=O)([O-])[O-]
D-GLUCOSE 6-PHOSPHATE,C([C@@H]1[C@H]([C@@H]([C@H]([C@@H](O1)O)O)O)O)OP(=O)([O-])[O-] 
D-GLYCERATE 2-PHOSPHATE,C([C@H](C(=O)O)OP(=O)(O)O)O 
DGMP,C1[C@@H]([C@H](O[C@H]1N2C=NC3=C2N=C(NC3=O)N)COP(=O)([O-])[O-])O
DGTP,C1[C@@H]([C@H](O[C@H]1N2C=NC3=C2N=C(NC3=O)N)COP(=O)(O)OP(=O)(O)OP(=O)(O)O)O
DIHYDROLIPOYL-PDHC,NaN
DIHYDROXYACETONE PHOSPHATE,C(C(=O)COP(=O)([O-])[O-])O
DIPHOSPHATE,OOOOO[P+](=O)P=O
D-MANNOSE,C([C@@H]1[C@H]([C@@H]([C@@H](C(O1)O)O)O)O)O
D-MANNOSE 6-PHOSPHATE,C([C@@H]1[C@H]([C@@H]([C@@H]([C@H](O1)O)O)O)O)OP(=O)([O-])[O-] 
DNA,NaN
D-RIBOSE 1-PHOSPHATE,C([C@@H]1[C@H]([C@H]([C@H](O1)OP(=O)([O-])[O-])O)O)O 
D-RIBOSE 5-PHOSPHATE,C([C@H]([C@H]([C@H](C=O)O)O)O)OP(=O)([O-])[O-]  
D-RIBULOSE 5-PHOSPHATE, C([C@H]([C@H](C(=O)CO)O)O)OP(=O)([O-])[O-]  
DTDP,CC1=CN(C(=O)NC1=O)[C@H]2C[C@@H]([C@H](O2)COP(=O)([O-])OP(=O)([O-])[O-])O
DTMP,CC1=CN(C(=O)NC1=O)C2CC(C(O2)COP(=O)([O-])[O-])O
DTTP,CC1=CN(C(=O)NC1=O)[C@H]2C[C@@H]([C@H](O2)COP(=O)(O)OP(=O)(O)OP(=O)(O)O)O
DUDP,C1[C@@H]([C@H](O[C@H]1N2C=CC(=O)NC2=O)COP(=O)([O-])OP(=O)([O-])[O-])O
DUMP,C1[C@@H]([C@H](O[C@H]1N2C=CC(=O)NC2=O)COP(=O)([O-])[O-])O
DUTP,C1[C@@H]([C@H](O[C@H]1N2C=CC(=O)NC2=O)COP(=O)([O-])OP(=O)([O-])OP(=O)([O-])[O-])O
DUTPASE,NaN
D-XYLULOSE 5-PHOSPHATE,C([C@H]([C@@H](C(=O)CO)O)O)OP(=O)([O-])[O-] 
FAD,CC1=CC2=C(C=C1C)N(C3=NC(=O)NC(=O)C3=N2)C[C@@H]([C@@H]([C@@H](COP(=O)(O)OP(=O)(O)OC[C@@H]4[C@H]([C@H]([C@@H](O4)N5C=NC6=C(N=CN=C65)N)O)O)O)O)O
FATTY ACID,C=O[O-]
FMN,CC1=CC2=C(C=C1C)N(C3=NC(=O)NC(=O)C3=N2)C[C@@H]([C@@H]([C@@H](COP(=O)(O)O)O)O)O
FORMATE,C(=O)[O-]
GAL-DAG,OC[C@H]1O[C@@H](OC[C@@H](COC([*])=O)OC([*])=O)[C@H](O)[C@@H](O)[C@H]1O
GDP,C1=NC2=C(N1[C@H]3[C@@H]([C@@H]([C@H](O3)COP(=O)([O-])OP(=O)([O-])[O-])O)O)N=C(NC2=O)N
GLYCERALDEHYDE 3-PHOSPHATE,C([C@H](C=O)O)OP(=O)([O-])[O-]  
GLYCEROL,C(C(CO)O)O
GLYCEROL 3-PHOSPHATE,C([C@H](COP(=O)([O-])[O-])O)O
GLYCINE,C(C(=O)O)N
GLYCYL-TRNA(GLY),NaN
GMP,C1=NC2=C(N1[C@H]3[C@@H]([C@@H]([C@H](O3)COP(=O)([O-])[O-])O)O)N=C(NC2=O)N
GTP,C1=NC2=C(N1[C@H]3[C@@H]([C@@H]([C@H](O3)COP(=O)(O)OP(=O)(O)OP(=O)(O)O)O)O)N=C(NC2=O)N
GUANINE,C1=NC2=C(N1)C(=O)NC(=N2)N
GUANOSINE,C1=NC2=C(N1[C@H]3[C@@H]([C@@H]([C@H](O3)CO)O)O)N=C(NC2=O)N
H,[H+]
H2O,O 
L-ALANINE,C[C@@H](C(=O)O)N
L-ALANYL-TRNA(ALA),NaN
L-ARGININE,C(C[C@@H](C(=O)O)N)CN=C(N)N
L-ARGINYL-TRNA(ARG),NaN
L-ASPARAGINE,C([C@@H](C(=O)O)N)C(=O)N
L-ASPARAGINYL-TRNA(ASN),NaN
L-ASPARTATE,C([C@@H](C(=O)O)N)C(=O)O
L-ASPARTYL-TRNA(ASP),NaN
L-CYSTEINE,C([C@@H](C(=O)O)N)S
L-CYSTEINYL-TRNA(CYS),NaN
L-GLUTAMATE,C(CC(=O)O)[C@@H](C(=O)O)N
L-GLUTAMINE,C(CC(=O)N)[C@@H](C(=O)O)N
L-GLUTAMINYL-TRNA(GLN),NaN
L-GLUTAMYL-TRNA(GLN),NaN
L-GLUTAMYL-TRNA(GLU),NaN
L-HISTIDINE,C1=C(NC=N1)C[C@@H](C(=O)O)N
L-HISTIDYL-TRNA(HIS),NaN
L-HOMOCYSTEINE,C(CS)[C@@H](C(=O)O)N
LIPOGALACTAN,NaN
LIPOYLLYSINE,C1CSSC1CCCCC(=O)NCCCC[C@@H](C(=O)O)N
LIPOYL-PDHC,NaN
L-ISOLEUCINE,CC[C@H](C)[C@@H](C(=O)O)N
L-ISOLEUCYL-TRNA(ILE),NaN
L-LACTATE,C[C@@H](C(=O)[O-])O
L-LEUCINE,CC(C)C[C@@H](C(=O)O)N
L-LEUCYL-TRNA(LEU),NaN
L-LYSINE,C(CCN)C[C@@H](C(=O)O)N
L-LYSYL-TRNA(LYS),NaN
L-METHIONINE,CSCC[C@@H](C(=O)O)N
L-METHIONYL-TRNA(MET),NaN
L-PHENYLALANINE,C1=CC=C(C=C1)C[C@@H](C(=O)O)N
L-PHENYLALANYL-TRNA(PHE),NaN
L-PROLINE,C1C[C@H](NC1)C(=O)O
L-PROLYL-TRNA(PRO),NaN
L-SERINE,C([C@@H](C(=O)O)N)O
L-SERYL-TRNA(SER),NaN
L-THREONINE,C[C@H]([C@@H](C(=O)O)N)O
L-THREONYL-TRNA(THR),NaN
L-TRYPTOPHAN,C1=CC=C2C(=C1)C(=CN2)C[C@@H](C(=O)O)N
L-TRYPTOPHANYL-TRNA(TRP),NaN
L-TYROSINE,C1=CC(=CC=C1C[C@@H](C(=O)O)N)O
L-TYROSYL-TRNA(TYR),NaN
L-VALINE,CC(C)[C@@H](C(=O)O)N
L-VALYL-TRNA(VAL),NaN
MAGNESIUM,[Mg]
N-ACETYL-D-GLUCOSAMINE 6-PHOSPHATE,CC(=O)N[C@@H]1[C@H]([C@@H]([C@H](OC1O)COP(=O)([O-])[O-])O)O 
N-ACETYL-D-MANNOSAMINE,CC(=O)N[C@H]1[C@H]([C@@H]([C@H](OC1O)CO)O)O 
N-ACETYL-D-MANNOSAMINE 6-PHOSPHATE,CC(=O)N[C@H](C=O)[C@H]([C@@H]([C@@H](COP(=O)([O-])[O-])O)O)O 
NAD,C1=CC(=C[N+](=C1)[C@H]2[C@@H]([C@@H]([C@H](O2)COP(=O)([O-])OP(=O)([O-])OC[C@@H]3[C@H]([C@H]([C@@H](O3)N4C=NC5=C(N=CN=C54)N)O)O)O)O)C(=O)N
NADH,C1C=CN(C=C1C(=O)N)[C@H]2[C@@H]([C@@H]([C@H](O2)COP(=O)([O-])OP(=O)([O-])OC[C@@H]3[C@H]([C@H]([C@@H](O3)N4C=NC5=C(N=CN=C54)N)O)O)O)O  
NADP,C1=CC(=C[N+](=C1)[C@H]2[C@@H]([C@@H]([C@H](O2)COP(=O)([O-])OP(=O)([O-])OC[C@@H]3[C@H]([C@H]([C@@H](O3)N4C=NC5=C(N=CN=C54)N)OP(=O)([O-])[O-])O)O)O)C(=O)N
NADPH,C1C=CN(C=C1C(=O)N)[C@H]2[C@@H]([C@@H]([C@H](O2)COP(=O)([O-])OP(=O)([O-])OC[C@@H]3[C@H]([C@H]([C@@H](O3)N4C=NC5=C(N=CN=C54)N)OP(=O)([O-])[O-])O)O)O  
N-FORMYLMETHIONYL-TRNA(MET),NaN
NH3,N
NICOTINATE,C1=CC(=CN=C1)C(=O)[O-]
NICOTINATE D-RIBONUCLEOTIDE,C1=CC(=C[N+](=C1)[C@H]2[C@@H]([C@@H]([C@H](O2)COP(=O)(O)O)O)O)C(=O)O
O2,O=O
OXIDIZED THIOREDOXIN,NaN
PDHC,NaN
PHOSPHATE,OP(=O)([O-])[O-]
PHOSPHATIDIC ACID,CC(C(COC(=O)R)OC(=O)R)OP(=O)(O)O
PHOSPHATIDYLGLYCEROL,OCC(O)COP(O)(=O)OCC(COC([*])=O)OC([*])=O
PHOSPHATIDYLGLYCEROL 3-PHOSPHATE,O[C@@H](COP(O)(O)=O)COP(O)(=O)OC[C@@H](COC([*])=O)OC([*])=O
PHOSPHOENOLPYRUVATE,C=C(C(=O)[O-])OP(=O)([O-])[O-] 
POTASSIUM,[K]
PROTEIN,NaN
PYRIDOXAL PHOSPHATE,CC1=NC=C(C(=C1O)C=O)COP(=O)(O)O
PYRUVATE,CC(=O)C(=O)[O-] 
REDUCED THIOREDOXIN,NaN
RIBOFLAVIN,CC1=CC2=C(C=C1C)N(C3=NC(=O)NC(=O)C3=N2)C[C@@H]([C@@H]([C@@H](CO)O)O)O
RNA,NaN
S-ACETYLDIHYDROLIPOYL-PDHC,NaN
S-ADENOSYL-L-HOMOCYSTEINE,C1=NC(=C2C(=N1)N(C=N2)[C@H]3[C@@H]([C@@H]([C@H](O3)CSCC[C@@H](C(=O)O)N)O)O)N
S-ADENOSYL-L-METHIONINE,C[S+](CC[C@@H](C(=O)[O-])N)C[C@@H]1[C@H]([C@H]([C@@H](O1)N2C=NC3=C(N=CN=C32)N)O)O
SODIUM,[Na]
SPERMINE,C(CCNCCCN)CNCCCN
TETRA-GLYCINE,NCC(=O)NCC(=O)NCC(=O)NCC(=O)O
TETRAHYDROFOLATE TRI-L-GLUTAMATE,Nc1nc2NC[C@H](CNc3ccc(cc3)C(=O)N[C@@H](CCC(O)=O)C(O)=O)Nc2c(=O)[nH]1
TETRA-L-ALANINE,CC(C(=O)NCC(C(=O)NCC(C(=O)NCC(C(=O)O)N)C)C)N
TETRA-L-ARGININE,NC(CCCNC(=N)N)C(=O)NCC(C(=O)NCC(C(=O)NCC(C(=O)O)N)CCCNC(=N)N)CCCNC(=N)N
TETRA-L-ASPARAGINE,NC(=O)CC(C(=O)NCC(C(=O)NCC(C(=O)NCC(C(=O)O)N)C(=O)N)N)C(=O)N
TETRA-L-ASPARTATE,NC(CCC(=O)O)C(=O)NCC(C(=O)NCC(C(=O)NCC(C(=O)O)N)CCC(=O)O)CCC(=O)O
TETRA-L-GLUTAMATE,NC(CCC(=O)O)C(=O)NCC(C(=O)NCC(C(=O)NCC(C(=O)O)N)CCC(=O)O)CCC(=O)O
TETRA-L-GLUTAMINE,NC(=O)CCC(C(=O)NCC(C(=O)NCC(C(=O)NCC(C(=O)O)N)CCC(=O)N)CCC(=O)N)C(=O)N
TETRA-L-HISTIDINE,NC(C1=CN=CN1)C(=O)NCC(C(=O)NCC(C(=O)NCC(C(=O)O)N)C1=CN=CN1)C1=CN=CN1
TETRA-L-ISOLEUCINE,CC[C@H](C)[C@@H](C(=O)NCC(C(=O)NCC(C(=O)NCC(C(=O)O)N)CC[C@H](C)C)C(=O)N)N
TETRA-L-LEUCINE,CC(C)CC(C(=O)NCC(C(=O)NCC(C(=O)NCC(C(=O)O)N)CC(C)C)C(=O)N)C
TETRA-L-LYSINE,NC(CCCCN)C(=O)NCC(C(=O)NCC(C(=O)NCC(C(=O)O)N)CCCCN)CCCCN
TETRA-L-METHIONINE,CSCCC(C(=O)NCC(C(=O)NCC(C(=O)NCC(C(=O)O)N)CSCC)CS)C(=O)N
TETRA-L-PHENYLALANINE,c1ccccc1CC(C(=O)NCC(C(=O)NCC(C(=O)NCC(C(=O)O)N)c1ccccc1)C(=O)N)c1ccccc1
TETRA-L-PROLINE,C1CC[NH2+]CC1C(=O)NCC1CC[NH2+]CC1C(=O)NCC1CC[NH2+]CC1C(=O)O
TETRA-L-SERINE,OCC(C(=O)NCC(C(=O)NCC(C(=O)NCC(C(=O)O)N)O)C(=O)N)C(=O)N
TETRA-L-THREONINE,OC[C@H](C(=O)NCC(C(=O)NCC(C(=O)NCC(C(=O)O)N)O)C(=O)N)C(=O)N
TETRA-L-TRYPTOPHAN,c1ccc2c(c1)c(c[nH]2)CC(C(=O)NCC(C(=O)NCC(C(=O)NCC(C(=O)O)N)c1ccc2c(c1)c(c[nH]2))C(=O)N)c1ccc2c(c1)c(c[nH]2)
TETRA-L-TYROSINE,c1ccc(cc1)C[C@@H](C(=O)NCC(C(=O)NCC(C(=O)NCC(C(=O)O)N)c1ccc(cc1)O)C(=O)N)c1ccc(cc1)O
TETRA-L-VALINE,CC(C)[C@H](C(=O)NCC(C(=O)NCC(C(=O)NCC(C(=O)O)N)C(=O)N)C(=O)N)C
THIAMIN DIPHOSPHATE,CC1=C(SC=[N+]1CC2=CN=C(N=C2N)C)CCOP(=O)(O)OP(=O)(O)O
THYMIDINE,CC1=CN(C(=O)NC1=O)[C@H]2C[C@@H]([C@H](O2)CO)O
TRIACYLGLYCEROL,[*]C(=O)OCC(COC([*])=O)OC([*])=O
TRNA(ALA),NaN
TRNA(ARG),NaN
TRNA(ASN),NaN
TRNA(ASP),NaN
TRNA(CYS),NaN
TRNA(GLN),NaN
TRNA(GLU),NaN
TRNA(GLY),NaN
TRNA(HIS),NaN
TRNA(ILE),NaN
TRNA(LEU),NaN
TRNA(LYS),NaN
TRNA(MET),NaN
TRNA(PHE),NaN
TRNA(PRO),NaN
TRNA(SER),NaN
TRNA(THR),NaN
TRNA(TRP),NaN
TRNA(TYR),NaN
TRNA(VAL),NaN
UDP,C1=CN(C(=O)NC1=O)C2C(C(C(O2)COP(=O)([O-])OP(=O)([O-])[O-])O)O
UDP-GALACTAN,NaN
UDP-GALACTOFURANOSE,C1=CN(C(=O)NC1=O)[C@H]2[C@@H]([C@@H]([C@H](O2)COP(=O)([O-])OP(=O)([O-])O[C@@H]3[C@@H]([C@H]([C@@H](O3)[C@@H](CO)O)O)O)O)Oï¿½
UDP-GALACTOSE,C1=CN(C(=O)NC1=O)[C@H]2[C@@H]([C@@H]([C@H](O2)COP(=O)([O-])OP(=O)([O-])O[C@@H]3[C@@H]([C@H]([C@H]([C@H](O3)CO)O)O)O)O)O
UDP-GLUCOSE,C1=CN(C(=O)NC1=O)[C@H]2[C@@H]([C@@H]([C@H](O2)COP(=O)([O-])OP(=O)([O-])O[C@@H]3[C@@H]([C@H]([C@@H]([C@H](O3)CO)O)O)O)O)O
UMP,C1=CN(C(=O)NC1=O)[C@H]2[C@@H]([C@@H]([C@H](O2)COP(=O)([O-])[O-])O)O
URACIL,C1=CNC(=O)NC1=O
URIDINE,C1=CN(C(=O)NC1=O)[C@H]2[C@@H]([C@@H]([C@H](O2)CO)O)O
UTP,C1=CN(C(=O)NC1=O)[C@H]2[C@@H]([C@@H]([C@H](O2)COP(=O)([O-])OP(=O)([O-])OP(=O)([O-])[O-])O)O
